
<addon id="plugin.video.terabox"
       name="Terabox Movie Addon"
       version="1.0.0"
       provider-name="YourName">
    <requires>
        <import addon="xbmc.python" version="3.0.0"/>
    </requires>
    <extension point="xbmc.python.plugin" library="default.py"/>
    <extension point="xbmc.addon.metadata">
        <summary>Stream movies from a Terabox link</summary>
        <description>Simple add-on to stream content from a Terabox shared link.</description>
        <platform>all</platform>
    </extension>
</addon>
